Workbook

Sheet README
A1: Wallonia Mammal Biomass Calculation — Methodology & Data Sources
A3: Purpose | B3: Estimates the share of wild mammals vs humans and livestock in total mammal biomass in Wallonia (Belgium), following Bar-On, Phillips & Milo (PNAS 2018) and the INBO Flemish analysis (Natuurrapport 2020). No equivalent calculation had previously been published for Wallonia.
A4: Methodology | B4: Population count × average live body weight = biomass in tonnes, per category. Livestock weights follow IPCC (2006) Tier 1 defaults. Wild ungulate weights are from INBO field data and scientific literature. Human weights use age-stratified Statbel 2023 population structure.
A5: Scope | B5: Only mammals with meaningful biomass contribution are included. This covers humans, all livestock categories, and wild mammals for which population estimates exist. Wild species are split into two tiers by data source (see 'Wild mammal data sources' below). Species where no Wallonia-specific count exists and individual weight is negligible (bats, rodents, shrews, hedgehogs) are excluded — see 'Species excluded' section below.
A6: Uncertainty | B6: Wild mammal counts carry the highest uncertainty (±100% margin applied, as per INBO practice). Livestock and human figures are based on official Statbel/SANITEL headcounts (<5% uncertainty).
A7: Data sources | B7: Humans: Statbel pop. register 2023; Belgian HIS 2018 (body weight by age) Cattle: État de l'Agriculture Wallonne / Statbel, recensement 2023 (1,009,060 heads) Pigs: Statbel 2023 (342,382 heads) Horses: SPW ARNE-DEMNA 2023 (101,000 equids) Sheep & goats: Statbel 2023 (~135,000 estimated) Red deer: État de l'environnement wallon, SPW ARNE-DNF (2018): ~8,000 spring pre-birth (2015) Roe deer: État de l'environnement wallon, SPW ARNE-DNF (2018): ~25,000 spring pre-birth (2016) Wild boar: État de l'environnement wallon, SPW ARNE-DNF (2018): 17,994 spring pre-birth (2015) Badger: État de l'environnement wallon, SPW-DGO3-DEMNA/ULg (2018): ~5,000 (2014 sett extrapolation) Wildcat, pine marten, wolf, otter: ODWB Natura 2000 Art.17 HD reporting dataset (2019–2024 cycle) Body weights: IPCC 2006 Tier 1; Kruuk 2006; Mech & Boitani 2003; Piechocki 1990; scientific literature
A8: Benchmarks | B8: Global (Bar-On et al. 2018): humans 36% / livestock 60% / wild 4% Flanders (INBO Natuurrapport 2020): wild mammals <0.1% Wallonia (this calculation): see Results sheet
A9: Wild mammal data: ungulates & badger | B9: The three main wild ungulates (red deer, roe deer, wild boar) and the badger are monitored by the Département de la Nature et des Forêts (DNF) under SPW ARNE. Their population estimates are published in the État de l'Environnement Wallon (etat.environnement.wallonie.be) and are derived from hunting bag statistics: the number of animals shot or found dead during the previous hunting season is used to back-calculate the spring pre-birth population size. This method is standard practice in Wallonia and neighbouring countries but carries inherent uncertainty — it requires assumptions about harvest rates and can be biased if reporting is incomplete. The État de l'Environnement Wallon itself flags data as partial for 2013–2016 and notes that this methodology produces the least-biased estimates for red deer, but is less reliable for roe deer and wild boar. Population figures used here are spring pre-birth estimates (before the birth season inflates numbers), which is the standard reference point used in Walloon wildlife management. Source: SPW ARNE - DNF, État de l'Environnement Wallon, fiche 'Évolution des populations d'ongulés sauvages', last updated 09/01/2018 (update scheduled for 2026). URL: etat.environnement.wallonie.be
A10: Wild mammal data: Natura 2000 species | B10: Four species in this model — wildcat (Felis silvestris), pine marten (Martes martes), wolf (Canis lupus), and otter (Lutra lutra) — are listed on Annex II or Annex IV of the EU Habitats Directive and are subject to formal monitoring under Article 17 of that directive. Every six years, Wallonia submits a conservation status report to the European Commission covering population size, range, habitat quality, and future prospects for each listed species. The population figures used here come from the 2019–2024 reporting cycle, published in the Open Data Wallonie-Bruxelles dataset 'État de conservation des espèces Natura 2000' (odwb.be). These are the most authoritative population estimates available for these species in Wallonia: they are peer-reviewed before submission to the EC and represent the official government position. Population sizes are reported as ranges (e.g. 1,000–5,000 individuals); this model uses the midpoint as the central estimate. Where a species occurs in both the Atlantic and Continental biogeographic regions of Wallonia, the two regional figures are summed to obtain the Wallonia-wide total.
A11: Bats — present but excluded | B11: Wallonia hosts 22 bat species, all protected under the Habitats Directive Annex IV. Population data for 15 species are available in the same ODWB Art.17 dataset. The most numerous is the common pipistrelle (Pipistrellus pipistrellus), with 100,000–500,000 individuals in the Continental region alone. Despite these large numbers, bats contribute negligible biomass: a common pipistrelle weighs just 5 grams. Even at 500,000 individuals, the entire pipistrelle population weighs ~2.5 tonnes — equivalent to roughly 4 dairy cows. The combined biomass of all bat species in Wallonia is estimated at well under 10 tonnes, less than 0.001% of total mammal biomass. Bats are therefore excluded from this model on the grounds that their inclusion would add noise without meaningfully changing any result. The Art.17 dataset (odwb.be) remains the reference source for anyone wishing to add them.
A12: Small mammals — why excluded | B12: Rodents (voles, mice, dormice, squirrels), shrews, hedgehogs, and moles are all present in Wallonia but are excluded from this model for two compounding reasons: no Wallonia-wide population counts exist for any of them, and their individual body weights are so low that even very large populations contribute negligible biomass. To illustrate: a wood mouse (Apodemus sylvaticus) weighs ~22 grams. One million wood mice — a plausible rough order of magnitude for Wallonia given European density data — would have a combined biomass of 22 tonnes. By comparison, a single dairy cow weighs 600 kg, so 22 tonnes of wood mice is equivalent to just 37 dairy cows out of the 188,000 dairy cows in Wallonia. Put differently, you would need roughly 27 million wood mice to equal the biomass of a single percentage point of Wallonian cattle. The same logic applies to voles (~25 g), shrews (~10 g), and hedgehogs (~900 g): even if populations ran to millions, their total contribution would remain below 0.01% of the cattle biomass alone. Including them would require fabricating population estimates with no reliable source, while adding no material change to any headline result. They are therefore explicitly excluded, not overlooked.

Sheet Input Data
A1: Wallonia Mammal Biomass — Input Data (Reference year: 2022/2023)
A2: Category | B2: Species / Group | C2: Population Count | D2: Unit | E2: Avg Body Weight (kg) | F2: Weight Source | G2: Biomass (tonnes) | H2: Notes / Data Source
A3: HUMANS
A4: Humans | B4: Humans (all ages) | C4: 3648206 | D4: individuals | E4: ='Human Biomass'!F20*1000/C4 -> 69.78147 | F4: Age-stratified: Sciensano HIS 2018 (12 age groups × Belgian pop structure). See 'Human Biomass' sheet for detail. Effective weighted avg shown in col E. | G4: ='Human Biomass'!F20 -> 254577.18 | H4: Total population from Statbel Census 2021 (T01_AGE_BE_NL.XLSX): 3,648,206. Source: statbel.fgov.be/nl/themas/bevolking/volkstellingen
A5: DOMESTIC MAMMALS (livestock)
A6: Domestic | B6: Cattle — calves for slaughter (<1 yr) | C6: 10920 | D6: heads | E6: 200 | F6: INBO (2024): runderen <1 jaar, 200 kg | G6: =C6*E6/1000 -> 2184 | H6: Statbel agricultural census 2024 (DBREF-L05-2024-TAB-A-NL), code A111000, Waals Gewest. Weight: INBO Vlaanderen biomass indicator, category "runderen <1 jaar" (200 kg). URL: vlaanderen.be/inbo/backgroundindicatoren/biomassa-grote-zoogdieren
A7: Domestic | B7: Cattle — other calves <1 yr, male | C7: 77637 | D7: heads | E7: 200 | F7: INBO (2024): runderen <1 jaar, 200 kg | G7: =C7*E7/1000 -> 15527.4 | H7: Statbel census 2024, code A112100, Waals Gewest. Weight: INBO category "runderen <1 jaar" (200 kg).
A8: Domestic | B8: Cattle — other calves <1 yr, female | C8: 159263 | D8: heads | E8: 200 | F8: INBO (2024): runderen <1 jaar, 200 kg | G8: =C8*E8/1000 -> 31852.6 | H8: Statbel census 2024, code A112200, Waals Gewest. Weight: INBO category "runderen <1 jaar" (200 kg).
A9: Domestic | B9: Cattle — young stock 1–2 yr, male | C9: 42151 | D9: heads | E9: 455 | F9: INBO (2024): runderen 1–2 jaar, 455 kg | G9: =C9*E9/1000 -> 19178.705 | H9: Statbel census 2024, code A121000, Waals Gewest. Weight: INBO category "runderen 1–2 jaar" (455 kg).
A10: Domestic | B10: Cattle — young stock 1–2 yr, female for slaughter | C10: 7696 | D10: heads | E10: 455 | F10: INBO (2024): runderen 1–2 jaar, 455 kg | G10: =C10*E10/1000 -> 3501.68 | H10: Statbel census 2024, code A122100, Waals Gewest. Weight: INBO category "runderen 1–2 jaar" (455 kg).
A11: Domestic | B11: Cattle — heifers 1–2 yr (not yet calved) | C11: 150978 | D11: heads | E11: 455 | F11: INBO (2024): runderen 1–2 jaar, 455 kg | G11: =C11*E11/1000 -> 68694.99 | H11: Statbel census 2024, code A122200, Waals Gewest. Weight: INBO category "runderen 1–2 jaar" (455 kg).
A12: Domestic | B12: Cattle — bulls ≥2 yr | C12: 14947 | D12: heads | E12: 875 | F12: INBO (2024): mannelijke runderen vanaf 2 jaar, 875 kg | G12: =C12*E12/1000 -> 13078.625 | H12: Statbel census 2024, code A131000, Waals Gewest. Weight: INBO category "mannelijke runderen vanaf 2 jaar" (875 kg). Reflects Belgian Blue bull weight (range 550–1,200 kg in INBO table).
A13: Domestic | B13: Cattle — heifers ≥2 yr, dairy type | C13: 7002 | D13: heads | E13: 650 | F13: INBO (2024): vaarzen vanaf 2 jaar, 650 kg | G13: =C13*E13/1000 -> 4551.3 | H13: Statbel census 2024, code A132110, Waals Gewest. Weight: INBO category "vaarzen vanaf 2 jaar" (650 kg).
A14: Domestic | B14: Cattle — heifers ≥2 yr, beef type | C14: 110248 | D14: heads | E14: 650 | F14: INBO (2024): vaarzen vanaf 2 jaar, 650 kg | G14: =C14*E14/1000 -> 71661.2 | H14: Statbel census 2024, code A132120, Waals Gewest. Weight: INBO category "vaarzen vanaf 2 jaar" (650 kg).
A15: Domestic | B15: Cattle — dairy cows in milk | C15: 174427 | D15: heads | E15: 600 | F15: INBO (2024): koeien vanaf 2 jaar, 600 kg | G15: =C15*E15/1000 -> 104656.2 | H15: Statbel census 2024, code A132211, Waals Gewest. Weight: INBO category "koeien vanaf 2 jaar" (600 kg).
A16: Domestic | B16: Cattle — dairy cows dry | C16: 6584 | D16: heads | E16: 600 | F16: INBO (2024): koeien vanaf 2 jaar, 600 kg | G16: =C16*E16/1000 -> 3950.4 | H16: Statbel census 2024, code A132212, Waals Gewest. Weight: INBO category "koeien vanaf 2 jaar" (600 kg).
A17: Domestic | B17: Cattle — beef cows, Belgian Blue & similar | C17: 192473 | D17: heads | E17: 600 | F17: INBO (2024): koeien vanaf 2 jaar, 600 kg | G17: =C17*E17/1000 -> 115483.8 | H17: Statbel census 2024, code A132221, Waals Gewest. Weight: INBO category "koeien vanaf 2 jaar" (600 kg). Note: Belgian Blue avg live weight ~650 kg but INBO uses 600 kg for all cows ≥2yr; INBO weight applied for consistency.
... A21: Domestic | B21: Sheep & goats | C21: 135000 | D21: heads | E21: 58 | F21: Sheep IPCC Tier 1 Western Europe 55–65 kg; goats ~45 kg; blended ~58 kg | G21: =C21*E21/1000 -> 7830 | H21: Statbel 2023: ~120,000 sheep + ~15,000 goats (estimated)
A22: WILD MAMMALS
A23: Wild | B23: Red deer (cerf élaphe) | C23: 8000 | D23: individuals | E23: 100 | F23: Stags ~150 kg, hinds ~80 kg, calves ~50 kg; population mix → ~100 kg average | G23: =C23*E23/1000 -> 800 | H23: État de l'environnement wallon (SPW ARNE-DNF, 2018): ~8,000 cerfs au printemps avant naissances (2015). Declining 6%/yr from 2010 peak. Previous figure of 18,500 was erroneous. Source: etat.environnement.wallonie.be — fiche 'Évolution ongulés sauvages' 09/01/2018.
A24: Wild | B24: Roe deer (chevreuil) | C24: 25000 | D24: individuals | E24: 22 | F24: Bucks ~25 kg, does ~19 kg, fawns ~10 kg; population mix → ~22 kg | G24: =C24*E24/1000 -> 550 | H24: État de l'environnement wallon (SPW ARNE-DNF, 2018): ~25,000 chevreuils au printemps avant naissances (2016). Declining 3%/yr from 2005 peak of ~38,000. Previous figure of 40,000 was the historical peak. Source: etat.environnement.wallonie.be — fiche 'Évolution ongulés sauvages' 09/01/2018.
A25: Wild | B25: Wild boar (sanglier) | C25: 17994 | D25: individuals | E25: 62 | F25: Adults ~80 kg, 1-yr ~40 kg, piglets ~10 kg; spring pre-birth mix → ~62 kg | G25: =C25*E25/1000 -> 1115.628 | H25: État de l'environnement wallon (SPW ARNE-DNF, 2018): 17,994 sangliers au printemps avant naissances (2015). Declining 6%/yr from 2012 peak of 25,647. Source: etat.environnement.wallonie.be — fiche 'Évolution ongulés sauvages' 09/01/2018.
A26: Wild | B26: Eurasian badger (blaireau) | C26: 5000 | D26: individuals | E26: 11 | F26: Adult badger 8–14 kg; avg 11 kg (Griffiths & Thomas 1997) | G26: =C26*E26/1000 -> 55 | H26: État de l'environnement wallon (SPW-DGO3-DEMNA/ULg 2018): ~5,000 individuals (extrapolation from ~1,750 sett survey, 2014, stable 2010–2016). Source: etat.environnement.wallonie.be — fiche 'État des populations de mammifères non volants' 09/01/2018.
A27: Wild | B27: Wildcat (chat sauvage) | C27: 3000 | D27: individuals | E27: 4.5 | F27: Adult wildcat 3–6 kg; avg 4.5 kg (Piechocki 1990) | G27: =C27*E27/1000 -> 13.5 | H27: ODWB/SPW ARNE Art.17 HD reporting (2019–2024 cycle): 1,000–5,000 individuals, continental region. Central est. 3,000. Status: inadéquat. Ardennes only. Source: odwb.be dataset 'état de conservation espèces Natura 2000', code 1363.
A28: Wild | B28: Pine marten (martre des pins) | C28: 3300 | D28: individuals | E28: 1.5 | F28: Adult pine marten 0.9–2.2 kg; avg 1.5 kg (Birks & Messenger 2010) | G28: =C28*E28/1000 -> 4.95 | H28: ODWB/SPW ARNE Art.17 HD reporting (2019–2024 cycle): continental 1,000–5,000 + atlantic 100–500. Combined central est. ~3,300. Status: favorable (continental), inadéquat (atlantic). Source: odwb.be dataset 'état de conservation espèces Natura 2000', code 1357.
A29: Wild | B29: Wolf (loup) | C29: 25 | D29: individuals | E29: 38 | F29: European wolf 25–45 kg; avg 38 kg (Mech & Boitani 2003) | G29: =C29*E29/1000 -> 0.95 | H29: ODWB/SPW ARNE Art.17 HD reporting (2019–2024 cycle): 0–50 individuals; 3 packs confirmed (01/06/2025). Central est. 25. Continental region. Status: favorable. Source: odwb.be dataset 'état de conservation espèces Natura 2000', code 1352.
A30: Wild | B30: Otter (loutre) | C30: 25 | D30: individuals | E30: 8 | F30: Eurasian otter 5–12 kg; avg 8 kg (Kruuk 2006) | G30: =C30*E30/1000 -> 0.2 | H30: ODWB/SPW ARNE Art.17 HD reporting (2019–2024 cycle): ~25 individuals. EEW 2018 notes 'effectifs extrêmement réduits, sous-détection probable'. Status: inadéquat. Source: odwb.be dataset 'état de conservation espèces Natura 2000', code 1355.

Sheet Human Biomass
A1: Human Biomass — Wallonia 2021: Age-Stratified Calculation
A2: Population by age group: direct counts from Statbel Census 2021 (Census — Bevolking volgens geslacht en leeftijd). Source: https://statbel.fgov.be/nl/themas/census/bevolking/leeftijd#figures — file T01_AGE_BE_NL.XLSX, sheet CENSUS_T01_2021_BE_AGE_2021, Waals Gewest. All figures are official census counts — no estimation or proportional distribution. Note on 2021 vs 2023 population: the 2023 Statbel population register gives 3,686,929 for Wallonia vs 3,648,206 in the 2021 Census — a difference of +38,723 (+1.06%). This gap is within the uncertainty of the body weight assumptions and does not materially affect results. The Census is used here as it provides a verified age-structure breakdown by 5-year band. Body weights: Sciensano HIS 2018 (combined M+F, Belgian average). HIS 2018 publishes one weight for the combined 15–24 group (70.5 kg); this is applied equally to the 15–19 and 20–24 census bands.
A4: Age group | B4: Population (Wallonia, Census 2021) | C4: Population source | D4: Avg body weight (kg) | E4: Weight source (HIS 2018) | F4: Biomass (tonnes) | G4: % of total human biomass | H4: Notes
A5: 0–4 | B5: 186576 | C5: Statbel Census 2021 — Census: Bevolking volgens geslacht en leeftijd. URL: https://statbel.fgov.be/nl/themas/census/bevolking/leeftijd#figures (file T01_AGE_BE_NL.XLSX, Waals Gewest, Totaal row). Direct census count. | D5: 14.5 | E5: Sciensano HIS 2018 (Belgium/Wallonia combined M+F) | F5: =B5*D5/1000 -> 2705.352 | G5: =F5/$F$18*100 -> 1.4819635 | H5: WHO child growth standards; Belgian paediatric growth curves (VUB/ULB). Mid-point 0–4: ~4 kg birth → ~18 kg at 4 yr.
A6: 5–9 | B6: 208824 | C6: Statbel Census 2021 — Census: Bevolking volgens geslacht en leeftijd. URL: https://statbel.fgov.be/nl/themas/census/bevolking/leeftijd#figures (file T01_AGE_BE_NL.XLSX, Waals Gewest, Totaal row). Direct census count. | D6: 27 | E6: Sciensano HIS 2018 (Belgium/Wallonia combined M+F) | F6: =B6*D6/1000 -> 5638.248 | G6: =F6/$F$18*100 -> 3.0885731 | H6: WHO child growth standards. Approx. 20 kg at 5 yr → 34 kg at 9 yr.
A7: 10–14 | B7: 221353 | C7: Statbel Census 2021 — Census: Bevolking volgens geslacht en leeftijd. URL: https://statbel.fgov.be/nl/themas/census/bevolking/leeftijd#figures (file T01_AGE_BE_NL.XLSX, Waals Gewest, Totaal row). Direct census count. | D7: 50 | E7: Sciensano HIS 2018 (Belgium/Wallonia combined M+F) | F7: =B7*D7/1000 -> 11067.65 | G7: =F7/$F$18*100 -> 6.0627426 | H7: WHO child growth standards; Sciensano HIS 2018 (adjusted). Growth acceleration: ~42 kg at 10 → ~58 kg at 14.
A8: 15–19 | B8: 217518 | C8: Statbel Census 2021 — Census: Bevolking volgens geslacht en leeftijd. URL: https://statbel.fgov.be/nl/themas/census/bevolking/leeftijd#figures (file T01_AGE_BE_NL.XLSX, Waals Gewest, Totaal row). Direct census count. | D8: 70.5 | E8: Sciensano HIS 2018 (Belgium/Wallonia combined M+F) | F8: =B8*D8/1000 -> 15335.019 | G8: =F8/$F$18*100 -> 8.4003626 | H8: Sciensano HIS 2018: 15–24 age group average (70.5 kg). Same weight applied to 15–19 and 20–24 — HIS 2018 does not distinguish within this band. Males ~78 kg, females ~63 kg.
A9: 20–24 | B9: 221469 | C9: Statbel Census 2021 — Census: Bevolking volgens geslacht en leeftijd. URL: https://statbel.fgov.be/nl/themas/census/bevolking/leeftijd#figures (file T01_AGE_BE_NL.XLSX, Waals Gewest, Totaal row). Direct census count. | D9: 70.5 | E9: Sciensano HIS 2018 (Belgium/Wallonia combined M+F) | F9: =B9*D9/1000 -> 15613.565 | G9: =F9/$F$18*100 -> 8.5529469 | H9: Sciensano HIS 2018: 15–24 age group average (70.5 kg). Same weight as 15–19 — HIS 2018 does not distinguish within this band.
A10: 25–34 | B10: 457855 | C10: Statbel Census 2021 — Census: Bevolking volgens geslacht en leeftijd. URL: https://statbel.fgov.be/nl/themas/census/bevolking/leeftijd#figures (file T01_AGE_BE_NL.XLSX, Waals Gewest, Totaal row). Direct census count. | D10: 75.5 | E10: Sciensano HIS 2018 (Belgium/Wallonia combined M+F) | F10: =B10*D10/1000 -> 34568.052 | G10: =F10/$F$18*100 -> 18.936017 | H10: Sciensano HIS 2018: 25–34 age group. Males ~84 kg, females ~67 kg → combined 75.5 kg.
A11: 35–44 | B11: 459033 | C11: Statbel Census 2021 — Census: Bevolking volgens geslacht en leeftijd. URL: https://statbel.fgov.be/nl/themas/census/bevolking/leeftijd#figures (file T01_AGE_BE_NL.XLSX, Waals Gewest, Totaal row). Direct census count. | D11: 79 | E11: Sciensano HIS 2018 (Belgium/Wallonia combined M+F) | F11: =B11*D11/1000 -> 36263.607 | G11: =F11/$F$18*100 -> 19.864824 | H11: Sciensano HIS 2018: 35–44 age group. Males ~87 kg, females ~71 kg → combined 79 kg.
A12: 45–54 | B12: 493510 | C12: Statbel Census 2021 — Census: Bevolking volgens geslacht en leeftijd. URL: https://statbel.fgov.be/nl/themas/census/bevolking/leeftijd#figures (file T01_AGE_BE_NL.XLSX, Waals Gewest, Totaal row). Direct census count. | D12: 82 | E12: Sciensano HIS 2018 (Belgium/Wallonia combined M+F) | F12: =B12*D12/1000 -> 40467.82 | G12: =F12/$F$18*100 -> 22.167847 | H12: Sciensano HIS 2018: 45–54 age group. Peak average weight group. Males ~90 kg, females ~74 kg → combined 82 kg.
A13: 55–64 | B13: 488531 | C13: Statbel Census 2021 — Census: Bevolking volgens geslacht en leeftijd. URL: https://statbel.fgov.be/nl/themas/census/bevolking/leeftijd#figures (file T01_AGE_BE_NL.XLSX, Waals Gewest, Totaal row). Direct census count. | D13: 82.5 | E13: Sciensano HIS 2018 (Belgium/Wallonia combined M+F) | F13: =B13*D13/1000 -> 40303.808 | G13: =F13/$F$18*100 -> 22.078003 | H13: Sciensano HIS 2018: 55–64 age group. Males ~89 kg, females ~76 kg → combined 82.5 kg.
A14: 65–74 | B14: 393721 | C14: Statbel Census 2021 — Census: Bevolking volgens geslacht en leeftijd. URL: https://statbel.fgov.be/nl/themas/census/bevolking/leeftijd#figures (file T01_AGE_BE_NL.XLSX, Waals Gewest, Totaal row). Direct census count. | D14: 79.5 | E14: Sciensano HIS 2018 (Belgium/Wallonia combined M+F) | F14: =B14*D14/1000 -> 31300.82 | G14: =F14/$F$18*100 -> 17.146261 | H14: Sciensano HIS 2018: 65–74 age group. Males ~85 kg, females ~74 kg → combined 79.5 kg.
A15: 75–84 | B15: 203384 | C15: Statbel Census 2021 — Census: Bevolking volgens geslacht en leeftijd. URL: https://statbel.fgov.be/nl/themas/census/bevolking/leeftijd#figures (file T01_AGE_BE_NL.XLSX, Waals Gewest, Totaal row). Direct census count. | D15: 73.5 | E15: Sciensano HIS 2018 (Belgium/Wallonia combined M+F) | F15: =B15*D15/1000 -> 14948.724 | G15: =F15/$F$18*100 -> 8.1887542 | H15: Sciensano HIS 2018: 75–84 age group. Decline due to muscle loss (sarcopenia). Males ~79 kg, females ~68 kg → combined 73.5 kg.
A16: 85+ | B16: 96432 | C16: Statbel Census 2021 — Census: Bevolking volgens geslacht en leeftijd. URL: https://statbel.fgov.be/nl/themas/census/bevolking/leeftijd#figures (file T01_AGE_BE_NL.XLSX, Waals Gewest, Totaal row). Direct census count. | D16: 66 | E16: Sciensano HIS 2018 (Belgium/Wallonia combined M+F) | F16: =B16*D16/1000 -> 6364.512 | G16: =F16/$F$18*100 -> 3.4864129 | H16: Sciensano HIS 2018: 85+ group. Significant sarcopenia; lower BMI at oldest ages. Males ~71 kg, females ~62 kg → combined 66 kg. Sum of Statbel 85–89 + 90–94 + 95+ bands.
A17: Subtotal 0–14 | F17: =SUM(F5:F7) -> 19411.25
A18: Subtotal 15–64 | F18: =SUM(F8:F13) -> 182551.87
A19: Subtotal 65+ | F19: =SUM(F14:F16) -> 52614.056
A20: GRAND TOTAL — Humans (Wallonia) | F20: =F17+F18+F19 -> 254577.18 | G20: 100.00%
A22: Validation — Total vs Confirmed Statbel Census 2021 Figure
A23: Age group | B23: Our sum | C23: Statbel Census 2021 | D23: Difference | E23: Difference (%)
A24: 0–14 | B24: =SUM(B5:B7) -> 616753 | C24: 616753 | D24: =B24-C24 -> 0 | E24: =(B24-C24)/C24*100 -> 0
A25: 15–64 | B25: =SUM(B8:B13) -> 2337916 | C25: 2337916 | D25: =B25-C25 -> 0 | E25: =(B25-C25)/C25*100 -> 0
A26: 65+ | B26: =SUM(B14:B16) -> 693537 | C26: 693537 | D26: =B26-C26 -> 0 | E26: =(B26-C26)/C26*100 -> 0
A27: Total | B27: =SUM(B5:B16) -> 3648206 | C27: 3648206 | D27: =B27-C27 -> 0 | E27: =(B27-C27)/C27*100 -> 0

Sheet Human Biomass Brussels
A1: Human Biomass — Brussels Capital Region 2021: Age-Stratified Calculation
A2: Population by age group: direct counts from Statbel Census 2021 (Census — Bevolking volgens geslacht en leeftijd). Source: https://statbel.fgov.be/nl/themas/census/bevolking/leeftijd#figures — file T01_AGE_BE_NL.XLSX, sheet CENSUS_T01_2021_BE_AGE_2021, Brussels Hoofdstedelijk Gewest. All figures are official census counts — no estimation or proportional distribution. Note on 2021 vs 2023 population: the 2023 Statbel population register gives 1,211,866 for Brussels vs 1,219,970 in the 2021 Census — a difference of −8,104 (−0.66%). This gap is within the uncertainty of the body weight assumptions and does not materially affect results. The Census is used here as it provides a verified age-structure breakdown by 5-year band. Body weights: Sciensano HIS 2018 (combined M+F, Belgian average). HIS 2018 publishes one weight for the combined 15–24 group (70.5 kg); this is applied equally to the 15–19 and 20–24 census bands.
A4: Age group | B4: Population (Brussels, Census 2021) | C4: Population source | D4: Avg body weight (kg) | E4: Weight source (HIS 2018) | F4: Biomass (tonnes) | G4: % of total human biomass | H4: Notes
A5: 0–4 | B5: 80038 | C5: Statbel Census 2021 — Census: Bevolking volgens geslacht en leeftijd. URL: https://statbel.fgov.be/nl/themas/census/bevolking/leeftijd#figures (file T01_AGE_BE_NL.XLSX, Brussels Hoofdstedelijk Gewest, Totaal row). Direct census count. | D5: 14.5 | E5: Sciensano HIS 2018 (Belgium/Wallonia combined M+F) | F5: =B5*D5/1000 -> 1160.551 | G5: =F5/$F$18*100 -> 1.8076397 | H5: WHO child growth standards; Belgian paediatric growth curves (VUB/ULB).
A6: 5–9 | B6: 79550 | C6: Statbel Census 2021 — Census: Bevolking volgens geslacht en leeftijd. URL: https://statbel.fgov.be/nl/themas/census/bevolking/leeftijd#figures (file T01_AGE_BE_NL.XLSX, Brussels Hoofdstedelijk Gewest, Totaal row). Direct census count. | D6: 27 | E6: Sciensano HIS 2018 (Belgium/Wallonia combined M+F) | F6: =B6*D6/1000 -> 2147.85 | G6: =F6/$F$18*100 -> 3.3454272 | H6: WHO child growth standards.
A7: 10–14 | B7: 75394 | C7: Statbel Census 2021 — Census: Bevolking volgens geslacht en leeftijd. URL: https://statbel.fgov.be/nl/themas/census/bevolking/leeftijd#figures (file T01_AGE_BE_NL.XLSX, Brussels Hoofdstedelijk Gewest, Totaal row). Direct census count. | D7: 50 | E7: Sciensano HIS 2018 (Belgium/Wallonia combined M+F) | F7: =B7*D7/1000 -> 3769.7 | G7: =F7/$F$18*100 -> 5.8715725 | H7: WHO child growth standards; Sciensano HIS 2018 (adjusted).
A8: 15–19 | B8: 67671 | C8: Statbel Census 2021 — Census: Bevolking volgens geslacht en leeftijd. URL: https://statbel.fgov.be/nl/themas/census/bevolking/leeftijd#figures (file T01_AGE_BE_NL.XLSX, Brussels Hoofdstedelijk Gewest, Totaal row). Direct census count. | D8: 70.5 | E8: Sciensano HIS 2018 (Belgium/Wallonia combined M+F) | F8: =B8*D8/1000 -> 4770.8055 | G8: =F8/$F$18*100 -> 7.4308647 | H8: Sciensano HIS 2018: 15–24 age group average (70.5 kg). Same weight applied to 15–19 and 20–24 — HIS 2018 does not distinguish within this band.
A9: 20–24 | B9: 77321 | C9: Statbel Census 2021 — Census: Bevolking volgens geslacht en leeftijd. URL: https://statbel.fgov.be/nl/themas/census/bevolking/leeftijd#figures (file T01_AGE_BE_NL.XLSX, Brussels Hoofdstedelijk Gewest, Totaal row). Direct census count. | D9: 70.5 | E9: Sciensano HIS 2018 (Belgium/Wallonia combined M+F) | F9: =B9*D9/1000 -> 5451.1305 | G9: =F9/$F$18*100 -> 8.4905186 | H9: Sciensano HIS 2018: 15–24 age group average (70.5 kg). Same weight as 15–19.
A10: 25–34 | B10: 209556 | C10: Statbel Census 2021 — Census: Bevolking volgens geslacht en leeftijd. URL: https://statbel.fgov.be/nl/themas/census/bevolking/leeftijd#figures (file T01_AGE_BE_NL.XLSX, Brussels Hoofdstedelijk Gewest, Totaal row). Direct census count. | D10: 75.5 | E10: Sciensano HIS 2018 (Belgium/Wallonia combined M+F) | F10: =B10*D10/1000 -> 15821.478 | G10: =F10/$F$18*100 -> 24.643063 | H10: Sciensano HIS 2018: 25–34 age group. Males ~84 kg, females ~67 kg → combined 75.5 kg.
A11: 35–44 | B11: 186382 | C11: Statbel Census 2021 — Census: Bevolking volgens geslacht en leeftijd. URL: https://statbel.fgov.be/nl/themas/census/bevolking/leeftijd#figures (file T01_AGE_BE_NL.XLSX, Brussels Hoofdstedelijk Gewest, Totaal row). Direct census count. | D11: 79 | E11: Sciensano HIS 2018 (Belgium/Wallonia combined M+F) | F11: =B11*D11/1000 -> 14724.178 | G11: =F11/$F$18*100 -> 22.933941 | H11: Sciensano HIS 2018: 35–44 age group. Males ~87 kg, females ~71 kg → combined 79 kg.
A12: 45–54 | B12: 160340 | C12: Statbel Census 2021 — Census: Bevolking volgens geslacht en leeftijd. URL: https://statbel.fgov.be/nl/themas/census/bevolking/leeftijd#figures (file T01_AGE_BE_NL.XLSX, Brussels Hoofdstedelijk Gewest, Totaal row). Direct census count. | D12: 82 | E12: Sciensano HIS 2018 (Belgium/Wallonia combined M+F) | F12: =B12*D12/1000 -> 13147.88 | G12: =F12/$F$18*100 -> 20.478747 | H12: Sciensano HIS 2018: 45–54 age group. Males ~90 kg, females ~74 kg → combined 82 kg.
A13: 55–64 | B13: 124692 | C13: Statbel Census 2021 — Census: Bevolking volgens geslacht en leeftijd. URL: https://statbel.fgov.be/nl/themas/census/bevolking/leeftijd#figures (file T01_AGE_BE_NL.XLSX, Brussels Hoofdstedelijk Gewest, Totaal row). Direct census count. | D13: 82.5 | E13: Sciensano HIS 2018 (Belgium/Wallonia combined M+F) | F13: =B13*D13/1000 -> 10287.09 | G13: =F13/$F$18*100 -> 16.022865 | H13: Sciensano HIS 2018: 55–64 age group. Males ~89 kg, females ~76 kg → combined 82.5 kg.
A14: 65–74 | B14: 83560 | C14: Statbel Census 2021 — Census: Bevolking volgens geslacht en leeftijd. URL: https://statbel.fgov.be/nl/themas/census/bevolking/leeftijd#figures (file T01_AGE_BE_NL.XLSX, Brussels Hoofdstedelijk Gewest, Totaal row). Direct census count. | D14: 79.5 | E14: Sciensano HIS 2018 (Belgium/Wallonia combined M+F) | F14: =B14*D14/1000 -> 6643.02 | G14: =F14/$F$18*100 -> 10.34697 | H14: Sciensano HIS 2018: 65–74 age group. Males ~85 kg, females ~74 kg → combined 79.5 kg.
A15: 75–84 | B15: 49910 | C15: Statbel Census 2021 — Census: Bevolking volgens geslacht en leeftijd. URL: https://statbel.fgov.be/nl/themas/census/bevolking/leeftijd#figures (file T01_AGE_BE_NL.XLSX, Brussels Hoofdstedelijk Gewest, Totaal row). Direct census count. | D15: 73.5 | E15: Sciensano HIS 2018 (Belgium/Wallonia combined M+F) | F15: =B15*D15/1000 -> 3668.385 | G15: =F15/$F$18*100 -> 5.7137673 | H15: Sciensano HIS 2018: 75–84 age group. Males ~79 kg, females ~68 kg → combined 73.5 kg.
A16: 85+ | B16: 25556 | C16: Statbel Census 2021 — Census: Bevolking volgens geslacht en leeftijd. URL: https://statbel.fgov.be/nl/themas/census/bevolking/leeftijd#figures (file T01_AGE_BE_NL.XLSX, Brussels Hoofdstedelijk Gewest, Totaal row). Direct census count. | D16: 66 | E16: Sciensano HIS 2018 (Belgium/Wallonia combined M+F) | F16: =B16*D16/1000 -> 1686.696 | G16: =F16/$F$18*100 -> 2.6271475 | H16: Sciensano HIS 2018: 85+ group. Sum of Statbel 85–89 + 90–94 + 95+ bands.
A17: Subtotal 0–14 | F17: =SUM(F5:F7) -> 7078.101
A18: Subtotal 15–64 | F18: =SUM(F8:F13) -> 64202.562
A19: Subtotal 65+ | F19: =SUM(F14:F16) -> 11998.101
A20: GRAND TOTAL — Humans (Brussels Capital Region) | F20: =F17+F18+F19 -> 83278.764 | G20: 100.00%
A22: Validation — Total vs Confirmed Statbel Census 2021 Figure
A23: Age group | B23: Our sum | C23: Statbel Census 2021 | D23: Difference | E23: Difference (%)
A24: 0–14 | B24: =SUM(B5:B7) -> 234982 | C24: 234982 | D24: =B24-C24 -> 0 | E24: =(B24-C24)/C24*100 -> 0
A25: 15–64 | B25: =SUM(B8:B13) -> 825962 | C25: 825962 | D25: =B25-C25 -> 0 | E25: =(B25-C25)/C25*100 -> 0
A26: 65+ | B26: =SUM(B14:B16) -> 159026 | C26: 159026 | D26: =B26-C26 -> 0 | E26: =(B26-C26)/C26*100 -> 0
A27: Total | B27: =SUM(B5:B16) -> 1219970 | C27: 1219970 | D27: =B27-C27 -> 0 | E27: =(B27-C27)/C27*100 -> 0

Sheet Input Data Brussels
A1: Brussels Capital Region Mammal Biomass — Input Data (Reference year: 2023)
A2: Category | B2: Species / Group | C2: Population Count | D2: Unit | E2: Avg Body Weight (kg) | F2: Weight Source | G2: Biomass (tonnes) | H2: Notes / Data Source
A3: HUMANS
A4: Humans | B4: Humans (all ages) | C4: 1219970 | D4: individuals | E4: ='Human Biomass Brussels'!F20*1000/C4 -> 68.262961 | F4: Age-stratified: Sciensano HIS 2018 (12 age groups × Belgian pop structure). See Human Biomass Brussels sheet. | G4: ='Human Biomass Brussels'!F20 -> 83278.764 | H4: Total population from Statbel Census 2021 (T01_AGE_BE_NL.XLSX): 1,219,970. Source: statbel.fgov.be/nl/themas/bevolking/volkstellingen
A5: DOMESTIC MAMMALS (livestock)
A6: Domestic | B6: Cattle — calves for slaughter (<1 yr) | C6: 11 | D6: heads | E6: 200 | F6: INBO (2024): runderen <1 jaar, 200 kg | G6: =C6*E6/1000 -> 2.2 | H6: Statbel agricultural census 2024 (DBREF-L05-2024-TAB-A-NL, code A111000, Brussels Gewest). Count distributed from Brussels <1yr total (256) using Belgian national proportions. Source: statbel.fgov.be/nl/themas/landbouw-visserij/land-en-tuinbouwbedrijven, Tab A landbouwcijfers 2024.
A7: Domestic | B7: Cattle — other calves <1 yr, male | C7: 80 | D7: heads | E7: 200 | F7: INBO (2024): runderen <1 jaar, 200 kg | G7: =C7*E7/1000 -> 16 | H7: Statbel 2024, code A112100, Brussels. Distributed from Brussels total using Belgian proportions.
A8: Domestic | B8: Cattle — other calves <1 yr, female | C8: 165 | D8: heads | E8: 200 | F8: INBO (2024): runderen <1 jaar, 200 kg | G8: =C8*E8/1000 -> 33 | H8: Statbel 2024, code A112200, Brussels. Distributed from Brussels total using Belgian proportions.
A9: Domestic | B9: Cattle — young stock 1–2 yr, male | C9: 44 | D9: heads | E9: 455 | F9: INBO (2024): runderen 1–2 jaar, 455 kg | G9: =C9*E9/1000 -> 20.02 | H9: Statbel 2024, code A121000, Brussels. Distributed from Brussels 1-2yr total (212) using Belgian proportions.
A10: Domestic | B10: Cattle — young stock 1–2 yr, female for slaughter | C10: 8 | D10: heads | E10: 455 | F10: INBO (2024): runderen 1–2 jaar, 455 kg | G10: =C10*E10/1000 -> 3.64 | H10: Statbel 2024, code A122100, Brussels. Distributed from Brussels total using Belgian proportions.
A11: Domestic | B11: Cattle — heifers 1–2 yr (not yet calved) | C11: 160 | D11: heads | E11: 455 | F11: INBO (2024): runderen 1–2 jaar, 455 kg | G11: =C11*E11/1000 -> 72.8 | H11: Statbel 2024, code A122200, Brussels. Distributed from Brussels total using Belgian proportions.
A12: Domestic | B12: Cattle — bulls ≥2 yr | C12: 14 | D12: heads | E12: 875 | F12: INBO (2024): mannelijke runderen vanaf 2 jaar, 875 kg | G12: =C12*E12/1000 -> 12.25 | H12: Statbel 2024, code A131000, Brussels: 14 bulls.
A13: Domestic | B13: Cattle — heifers ≥2 yr, dairy type | C13: 8 | D13: heads | E13: 650 | F13: INBO (2024): vaarzen vanaf 2 jaar, 650 kg | G13: =C13*E13/1000 -> 5.2 | H13: Statbel 2024, code A132110, Brussels. Distributed from heifers ≥2yr using Belgian proportions.
A14: Domestic | B14: Cattle — heifers ≥2 yr, beef type | C14: 124 | D14: heads | E14: 650 | F14: INBO (2024): vaarzen vanaf 2 jaar, 650 kg | G14: =C14*E14/1000 -> 80.6 | H14: Statbel 2024, code A132120, Brussels. Distributed from heifers ≥2yr using Belgian proportions.
A15: Domestic | B15: Cattle — dairy cows in milk | C15: 256 | D15: heads | E15: 600 | F15: INBO (2024): koeien vanaf 2 jaar, 600 kg | G15: =C15*E15/1000 -> 153.6 | H15: Statbel 2024, code A132211, Brussels: 256 dairy cows (A132210 total used as proxy; dry split negligible).
A16: Domestic | B16: Cattle — dairy cows dry | C16: 0 | D16: heads | E16: 600 | F16: INBO (2024): koeien vanaf 2 jaar, 600 kg | G16: =C16*E16/1000 -> 0 | H16: Statbel 2024: Brussels dairy dry cows not separately published; included in dairy total above.
A17: Domestic | B17: Cattle — beef cows, Belgian Blue & similar | C17: 192 | D17: heads | E17: 600 | F17: INBO (2024): koeien vanaf 2 jaar, 600 kg | G17: =C17*E17/1000 -> 115.2 | H17: Statbel 2024, code A132221, Brussels. Distributed from beef cow total (249) using Belgian proportions (192473/213178 = 90.3% Belgian Blue). Count: round(249×0.903)=225, adjusted to 192 (Statbel direct read).
A18: Domestic | B18: Cattle — beef cows, other breeds | C18: 57 | D18: heads | E18: 600 | F18: INBO (2024): koeien vanaf 2 jaar, 600 kg | G18: =C18*E18/1000 -> 34.2 | H18: Statbel 2024, code A132222, Brussels: 249 beef cows total − 192 Belgian Blue = 57 other breeds.
A19: WILD MAMMALS
A20: Wild | B20: Wild mammals (all species) | C20: 0 | D20: individuals | E20: 0 | F20: No population estimates available for Brussels Capital Region | G20: 0 | H20: Assumed negligible. No official population estimates exist for wild mammals in the Brussels Capital Region. A theoretical upper-bound calculation (150 roe deer in Forêt de Soignes, 500 foxes, 300 stone martens, 2,000 rabbits) yields ~10 tonnes total — 0.01% of human biomass in Brussels. The main wild mammal habitat is the Brussels portion of Forêt de Soignes (~2,000 ha), but no systematic census data is published by Bruxelles Environnement for mammal populations. Wild mammals are therefore set to zero; this introduces an error of <0.01% on the total. Source for assessment: Bruxelles Environnement, biodiversite.brussels (presence data only, no counts).

Sheet Results
A1: Wallonia Mammal Biomass — Results & Comparison with Global and Flemish Benchmarks
A3: Section 1 — Wallonia: Total Biomass by Category (tonnes)
A4: Category | B4: Species / Components | C4: Biomass (tonnes) | D4: Share of total (%) | E4: Low estimate (tonnes) | F4: High estimate (tonnes) | G4: Notes
A5: Humans | B5: All 3,695,000 Walloon inhabitants | C5: ='Input Data'!G4 -> 254577.18 | D5: =C5/$C$22*100 -> 31.418939 | E5: 237000 | F5: 271000 | G5: Statbel 2023. Low/high = ±7% body weight uncertainty
A6: Domestic mammals | B6: Cattle (all categories — 13 sub-rows per Statbel 2024) | C6: =SUM('Input Data'!G6:G18) -> 466743.9 | D6: =C6/$C$22*100 -> 57.603742 | E6: 380000 | F6: 500000 | G6: Statbel / SANITEL 2023. Low = lighter IPCC defaults; high = heavier Belgian Blue weights
A7: Domestic mammals | B7: Pigs | C7: ='Input Data'!G19 -> 28075.324 | D7: =C7/$C$22*100 -> 3.4649488 | E7: 22000 | F7: 38000 | G7: Statbel 2023. Low = 65 kg average; high = 110 kg average
A8: Domestic mammals | B8: Horses & equids | C8: ='Input Data'!G20 -> 50500 | D8: =C8/$C$22*100 -> 6.2325163 | E8: 40500 | F8: 60500 | G8: SPW ARNE 2023. Range 400–600 kg average weight
A9: Domestic mammals | B9: Sheep & goats | C9: ='Input Data'!G21 -> 7830 | D9: =C9/$C$22*100 -> 0.96634857 | E9: 6200 | F9: 9300 | G9: Statbel 2023 estimate
A10: Wild mammals | B10: Red deer | C10: ='Input Data'!G23 -> 800 | D10: =C10/$C$22*100 -> 0.098732932 | E10: 400 | F10: 1600 | G10: Low=4,000×100kg; High=16,000×100kg (÷2/×2 of EEW 2018 central, per INBO practice)
A11: Wild mammals | B11: Roe deer | C11: ='Input Data'!G24 -> 550 | D11: =C11/$C$22*100 -> 0.067878891 | E11: 275 | F11: 1100 | G11: Low=12,500×22kg; High=50,000×22kg (÷2/×2 of EEW 2018 central)
A12: Wild mammals | B12: Wild boar | C12: ='Input Data'!G25 -> 1115.628 | D12: =C12/$C$22*100 -> 0.13768653 | E12: 558 | F12: 2232 | G12: Low=9,000×62kg; High=36,000×62kg (÷2/×2 of EEW 2018 central)
A13: Wild mammals | B13: Badger | C13: ='Input Data'!G26 -> 55 | D13: =C13/$C$22*100 -> 0.0067878891 | E13: 1100 | F13: 4400 | G13: Low=2,500×11kg; High=10,000×11kg (±100% INBO practice). EEW 2018 / SPW-DEMNA/ULg.
A14: Wild mammals | B14: Wildcat | C14: ='Input Data'!G27 -> 13.5 | D14: =C14/$C$22*100 -> 0.0016661182 | E14: 2 | F14: 23 | G14: Low=500×4.5kg; High=5,000×4.5kg (Art.17 range)
A15: Wild mammals | B15: Pine marten | C15: ='Input Data'!G28 -> 4.95 | D15: =C15/$C$22*100 -> 0.00061091002 | E15: 150 | F15: 7500 | G15: Low=100×1.5kg; High=5,000×1.5kg (Art.17 range)
A16: Wild mammals | B16: Wolf | C16: ='Input Data'!G29 -> 0.95 | D16: =C16/$C$22*100 -> 0.00011724536 | E16: 0 | F16: 2 | G16: Low=0; High=50×38kg (Art.17 range)
A17: Wild mammals | B17: Otter | C17: ='Input Data'!G30 -> 0.2 | D17: =C17/$C$22*100 -> 2.4683233e-05 | E17: 0 | F17: 0 | G17: Low~0; High=50×8kg (very uncertain, likely <1t)
A18: SUBTOTALS
A19: TOTAL — Humans | C19: =C5 -> 254577.18 | D19: =C19/$C$22*100 -> 31.418939
A20: TOTAL — Domestic mammals | C20: =C6+C7+C8+C9 -> 553149.22 | D20: =C20/$C$22*100 -> 68.267556
A21: TOTAL — Wild mammals | C21: =C10+C11+C12+C13+C14+C15+C16+C17 -> 2540.228 | D21: =C21/$C$22*100 -> 0.3135052
A22: GRAND TOTAL — All mammals | C22: =C19+C20+C21 -> 810266.63 | D22: =100 -> 100
A24: Section 2 — Comparison: Wild Mammal Share Across Geographies
A25: Geography
A26: Global | B26: 4% | C26: 60% | D26: 36% | E26: Bar-On, Phillips & Milo (PNAS 2018) | F26: 2018 | G26: Includes marine mammals
A27: Flanders (Belgium) | B27: <0.1% | C27: >85% | D27: ~14% | E27: INBO Natuurrapport 2020 | F27: 2020 | G27: Terrestrial large mammals only (cattle, pigs, humans, deer, boar)
A28: Wallonia (Belgium) | B28: =TEXT(C21/$C$22*100,"0.00")&"%" -> 0.31% | C28: =TEXT(C20/$C$22*100,"0.0")&"%" -> 68.3% | D28: =TEXT(C19/$C$22*100,"0.0")&"%" -> 31.4% | E28: This calculation — Belgium Environment Tracker | F28: 2022/2023 | G28: Terrestrial large mammals only. Central estimate ~0.3–0.6%; range ~0.1–1.5%
A30: KEY FINDING: Wild mammals represent approximately 0.3–0.6% of total mammal biomass in Wallonia (central estimate), vs <0.1% in Flanders and 4% globally. Wallonia scores higher because of much lower pig density and a larger wild ungulate population in the Ardennes (particularly red deer ~18,500 and wild boar ~25,000 spring pre-birth). Even so, livestock and humans overwhelmingly dominate — the same fundamental pattern as globally, just slightly less extreme than in hyper-intensive Flanders.

Sheet Results Brussels
A1: Brussels Capital Region Mammal Biomass — Results & Comparison
A3: Section 1 — Brussels: Total Biomass by Category (tonnes)
A4: Category | B4: Species / Components | C4: Biomass (tonnes) | D4: Share of total (%) | E4: Low estimate (tonnes) | F4: High estimate (tonnes) | G4: Notes
A5: Humans | B5: All 1,211,866 Brussels inhabitants | C5: ='Input Data Brussels'!G4 -> 83278.764 | D5: =C5/$C$22*100 -> 99.345429 | E5: 78000 | F5: 91000 | G5: Statbel 2023. Low/high = ±7% body weight uncertainty
A6: Domestic mammals | B6: Cattle (all categories — 13 sub-rows per Statbel 2024) | C6: =SUM('Input Data Brussels'!G6:G18) -> 548.71 | D6: =C6/$C$22*100 -> 0.6545706 | E6: 400 | F6: 700 | G6: Statbel agricultural census 2024 (DBREF-L05-2024-TAB-A-NL, col N Brussels Gewest). URL: statbel.fgov.be/nl/themas/landbouw-visserij/land-en-tuinbouwbedrijven, Tab A landbouwcijfers 2024. Weights: INBO Vlaanderen biomass indicator.
A7: Domestic mammals | B7: Pigs | C7: 0 | D7: =C7/$C$22*100 -> 0 | E7: 0 | F7: 0 | G7: Statbel 2024: 2 pigs recorded in Brussels. Biomass <1 kg — set to 0.
A8: Domestic mammals | B8: Horses & equids | C8: 0 | D8: =C8/$C$22*100 -> 0 | E8: 0 | F8: 0 | G8: Statbel 2024: no horses reported for Brussels Capital Region.
A9: Domestic mammals | B9: Sheep & goats | C9: 0 | D9: =C9/$C$22*100 -> 0 | E9: 0 | F9: 0 | G9: Statbel 2024: no sheep or goats reported for Brussels Capital Region.
A10: Wild mammals | B10: All wild species (assumed negligible) | C10: 0 | D10: =C10/$C$22*100 -> 0 | E10: 0 | F10: 11 | G10: No population estimates available. Theoretical upper bound ~10t (150 roe deer + 500 foxes + 300 stone martens + 2,000 rabbits). See Input Data Brussels row 20 for full justification.
A18: SUBTOTALS
A19: TOTAL — Humans | C19: =C5 -> 83278.764 | D19: =C19/$C$22*100 -> 99.345429
A20: TOTAL — Domestic mammals | C20: =C6+C7+C8+C9 -> 548.71 | D20: =C20/$C$22*100 -> 0.6545706
A21: TOTAL — Wild mammals | C21: =C10 -> 0 | D21: =C21/$C$22*100 -> 0
A22: GRAND TOTAL — All mammals | C22: =C19+C20+C21 -> 83827.474 | D22: =100 -> 100
A24: Section 2 — Comparison: Wild Mammal Share Across Geographies
A25: Geography
A26: Global | B26: 4% | C26: 60% | D26: 36% | E26: Bar-On, Phillips & Milo (PNAS 2018) | F26: 2018 | G26: Includes marine mammals
A27: Flanders (Belgium) | B27: <0.1% | C27: >85% | D27: ~14% | E27: INBO Natuurrapport 2020 | F27: 2020 | G27: Terrestrial large mammals only (cattle, pigs, humans, deer, boar)
A28: Brussels (Belgium) | B28: =TEXT(C21/$C$22*100,"0.00")&"%" -> 0.00% | C28: =TEXT(C20/$C$22*100,"0.0")&"%" -> 0.7% | D28: =TEXT(C19/$C$22*100,"0.0")&"%" -> 99.3% | E28: This calculation — Belgium Environment Tracker | F28: 2023 | G28: Urban region. Wild mammals assumed negligible (<0.01% of total).
A30: KEY FINDING: Brussels Capital Region is overwhelmingly dominated by human biomass (~99%). Livestock (cattle only: 1,119 head) contributes <1% of total mammal biomass. Wild mammal biomass is assumed negligible (<10 t upper bound) given the absence of published population estimates and the urban character of the region. This contrasts sharply with Wallonia (livestock 68%, humans 32%, wild 0.3%) and reflects the absence of intensive agriculture and large forest areas.

Sheet Sensitivity
A1: Sensitivity Analysis — Wild Mammal Share Under Different Population Assumptions
A3: Wild mammal population estimates are the main source of uncertainty. This table shows the wild mammal biomass share under low / central / high assumptions. A ±100% error margin is used (INBO practice), as these are rough field estimates.
A5: Species | B5: Low count | C5: Central count | D5: High count | E5: Avg weight (kg) | F5: Source / rationale
A6: Red deer | B6: 9000 | C6: 18500 | D6: 37000 | E6: 100 | F6: Central from Rapport Cerf 2022–2023 (18,000–19,000). Low/high = ÷2 / ×2
A7: Roe deer | B7: 20000 | C7: 40000 | D7: 80000 | E7: 22 | F7: Spring population declining from 2005 peak of ~60,000. Low/high = ÷2 / ×2
A8: Wild boar | B8: 12500 | C8: 25000 | D8: 50000 | E8: 62 | F8: Spring pre-birth estimate from DNF. Highly variable. Low/high = ÷2 / ×2
A10: Wild Mammal Share (%) Under Different Combined Assumptions
A11: Scenario | B11: Red deer | C11: Roe deer | D11: Wild boar | E11: Wild biomass (t) | F11: Wild share (% of all mammals)
A12: Low — all species | B12: 9000 | C12: 20000 | D12: 12500 | E12: 2115 | F12: 0.27691329
A13: Central — base case | B13: 18500 | C13: 40000 | D13: 25000 | E13: 4280 | F13: 0.55878905
A14: High — all species | B14: 37000 | C14: 80000 | D14: 50000 | E14: 8560 | F14: 1.1113679
A15: Low deer, high boar | B15: 9000 | C15: 20000 | D15: 50000 | E15: 4440 | F15: 0.57955729
A16: Scenario | B16: Red deer | C16: Roe deer | D16: Wild boar | E16: Badger | F16: Wildcat | G16: Pine marten | H16: Wolf | I16: Otter | J16: Wild biomass (t) | K16: Wild share (% of all mammals)
A17: Low — all species | B17: 4000 | C17: 12500 | D17: 9000 | E17: 2500 | F17: 500 | G17: 100 | H17: 0 | I17: 12 | J17: 1263 | K17: 0.1692
A18: Central — base case | B18: 8000 | C18: 25000 | D18: 17994 | E18: 5000 | F18: 3000 | G18: 3300 | H18: 25 | I18: 25 | J18: 2540.2 | K18: 0.3397
A19: High — all species | B19: 16000 | C19: 50000 | D19: 36000 | E19: 10000 | F19: 5000 | G19: 5000 | H19: 50 | I19: 50 | J19: 5074.3 | K19: 0.6762
A20: Low ungulates, high others | B20: 4000 | C20: 12500 | D20: 9000 | E20: 10000 | F20: 5000 | G20: 5000 | H20: 50 | I20: 50 | J20: 1375.3 | K20: 0.1842
A21: High ungulates, low others | B21: 16000 | C21: 50000 | D21: 36000 | E21: 2500 | F21: 500 | G21: 100 | H21: 0 | I21: 12 | J21: 4962 | K21: 0.6614
